Workbook

Sheet 📋 Daily Task Log
A1: 🖥️ SOFTWARE TEAM — DAILY TASK LOG | Office jaane se pehle fill karna zaroori hai!
A2: ⚠️ Work Mode mein Office ya WFH zaroor select karo | Jitna zyada WFH → utni rating automatic kam | Best performer = Quarterly Award 🏆
A3: 📝 HOW TO FILL: Date → Name → Task → Project → Hours → Tasks Done → Bugs Fixed → Work Mode (dropdown) → Remarks
A4: DATE | B4: EMPLOYEE NAME | C4: TASK DESCRIPTION | D4: MODULE / PROJECT | E4: HOURS WORKED | F4: TASKS COMPLETED | G4: BUGS FIXED | H4: WORK MODE (Office/WFH) | I4: WFH DAYS (Auto Count) | J4: REMARKS
I5: =COUNTIF($H$5:H5,"WFH") -> 0
I6: =COUNTIF($H$5:H6,"WFH") -> 0
I7: =COUNTIF($H$5:H7,"WFH") -> 0
I8: =COUNTIF($H$5:H8,"WFH") -> 0
I9: =COUNTIF($H$5:H9,"WFH") -> 0
I10: =COUNTIF($H$5:H10,"WFH") -> 0
I11: =COUNTIF($H$5:H11,"WFH") -> 0
I12: =COUNTIF($H$5:H12,"WFH") -> 0
I13: =COUNTIF($H$5:H13,"WFH") -> 0
I14: =COUNTIF($H$5:H14,"WFH") -> 0
I15: =COUNTIF($H$5:H15,"WFH") -> 0
I16: =COUNTIF($H$5:H16,"WFH") -> 0
... I104: =COUNTIF($H$5:H104,"WFH") -> 0

Sheet ⭐ My Ratings
A1: ⭐ TECH LEAD RATINGS — SIRF TU YAHAN AANA | Weekly (Har Friday) Rate Karo
A2: ✅ Bas 3 cheezein bharo: Date + Employee Name + Rating (1-10) → Baaki sab AUTOMATIC!
A3: 💡 Rating Guide: 9-10=Outstanding | 7-8=Good | 5-6=Average | 3-4=Below Avg | 1-2=Poor
A4: WEEK / DATE | B4: EMPLOYEE NAME | C4: ⭐ RATING (1-10) TU YAHAN LIKHNA | D4: AUTO STATUS | E4: WFH THIS WEEK | F4: NOTES / REASON
D5: =IF(C5="","— Rate karo",IF(C5>=9,"🌟 Outstanding",IF(C5>=7,"✅ Good",IF(C5>=5,"🟡 Average",IF(C5>=3,"🔴 Below Average","❌ Poor"))))) -> — Rate karo
D6: =IF(C6="","— Rate karo",IF(C6>=9,"🌟 Outstanding",IF(C6>=7,"✅ Good",IF(C6>=5,"🟡 Average",IF(C6>=3,"🔴 Below Average","❌ Poor"))))) -> — Rate karo
D7: =IF(C7="","— Rate karo",IF(C7>=9,"🌟 Outstanding",IF(C7>=7,"✅ Good",IF(C7>=5,"🟡 Average",IF(C7>=3,"🔴 Below Average","❌ Poor"))))) -> — Rate karo
D8: =IF(C8="","— Rate karo",IF(C8>=9,"🌟 Outstanding",IF(C8>=7,"✅ Good",IF(C8>=5,"🟡 Average",IF(C8>=3,"🔴 Below Average","❌ Poor"))))) -> — Rate karo
D9: =IF(C9="","— Rate karo",IF(C9>=9,"🌟 Outstanding",IF(C9>=7,"✅ Good",IF(C9>=5,"🟡 Average",IF(C9>=3,"🔴 Below Average","❌ Poor"))))) -> — Rate karo
D10: =IF(C10="","— Rate karo",IF(C10>=9,"🌟 Outstanding",IF(C10>=7,"✅ Good",IF(C10>=5,"🟡 Average",IF(C10>=3,"🔴 Below Average","❌ Poor"))))) -> — Rate karo
D11: =IF(C11="","— Rate karo",IF(C11>=9,"🌟 Outstanding",IF(C11>=7,"✅ Good",IF(C11>=5,"🟡 Average",IF(C11>=3,"🔴 Below Average","❌ Poor"))))) -> — Rate karo
D12: =IF(C12="","— Rate karo",IF(C12>=9,"🌟 Outstanding",IF(C12>=7,"✅ Good",IF(C12>=5,"🟡 Average",IF(C12>=3,"🔴 Below Average","❌ Poor"))))) -> — Rate karo
D13: =IF(C13="","— Rate karo",IF(C13>=9,"🌟 Outstanding",IF(C13>=7,"✅ Good",IF(C13>=5,"🟡 Average",IF(C13>=3,"🔴 Below Average","❌ Poor"))))) -> — Rate karo
D14: =IF(C14="","— Rate karo",IF(C14>=9,"🌟 Outstanding",IF(C14>=7,"✅ Good",IF(C14>=5,"🟡 Average",IF(C14>=3,"🔴 Below Average","❌ Poor"))))) -> — Rate karo
D15: =IF(C15="","— Rate karo",IF(C15>=9,"🌟 Outstanding",IF(C15>=7,"✅ Good",IF(C15>=5,"🟡 Average",IF(C15>=3,"🔴 Below Average","❌ Poor"))))) -> — Rate karo
D16: =IF(C16="","— Rate karo",IF(C16>=9,"🌟 Outstanding",IF(C16>=7,"✅ Good",IF(C16>=5,"🟡 Average",IF(C16>=3,"🔴 Below Average","❌ Poor"))))) -> — Rate karo
... D104: =IF(C104="","— Rate karo",IF(C104>=9,"🌟 Outstanding",IF(C104>=7,"✅ Good",IF(C104>=5,"🟡 Average",IF(C104>=3,"🔴 Below Average","❌ Poor"))))) -> — Rate karo

Sheet 📊 Summary Dashboard
A1: 📊 SOFTWARE TEAM PERFORMANCE SUMMARY | Director Sir View | 100% Auto-Calculated 🚀
A2: 🔒 Yahan kuch fill nahi karna — sab kuch automatic update hota hai
A4: EMPLOYEE NAME | B4: DAYS LOGGED | C4: WFH DAYS | D4: OFFICE DAYS | E4: WFH % | F4: AVG RATING (Raw) | G4: WFH DEDUCTION | H4: ✅ FINAL RATING /10 | I4: PERFORMANCE STATUS | J4: INCENTIVE IMPACT
A5: Aarav Sharma | B5: =COUNTIF('📋 Daily Task Log'!$B$5:$B$104,A5) -> 0 | C5: =COUNTIFS('📋 Daily Task Log'!$B$5:$B$104,A5,'📋 Daily Task Log'!$H$5:$H$104,"WFH") -> 0 | D5: =B5-C5 -> 0 | E5: =IFERROR(C5/B5,0) -> 0 | F5: =IFERROR(AVERAGEIF('⭐ My Ratings'!$B$5:$B$104,A5,'⭐ My Ratings'!$C$5:$C$104),"No Rating") -> No Rating | G5: =IFERROR(MIN(ROUND(E5/0.1*0.5,1),3),0) -> 0 | H5: =IFERROR(MAX(F5-G5,1),"—") -> — | I5: =IF(H5="—","No Data",IF(H5>=9,"🌟 Outstanding",IF(H5>=7,"✅ Good",IF(H5>=5,"🟡 Average",IF(H5>=3,"🔴 Below Avg","❌ Poor"))))) -> No Data | J5: =IF(B5=0,"—",IF(E5=0,"💚 Full Incentive",IF(E5<=0.1,"⬇ -5%",IF(E5<=0.3,"⬇ -10%",IF(E5<=0.5,"⬇ -20%","⬇ -30% 🔴"))))) -> —
A6: Priya Singh | B6: =COUNTIF('📋 Daily Task Log'!$B$5:$B$104,A6) -> 0 | C6: =COUNTIFS('📋 Daily Task Log'!$B$5:$B$104,A6,'📋 Daily Task Log'!$H$5:$H$104,"WFH") -> 0 | D6: =B6-C6 -> 0 | E6: =IFERROR(C6/B6,0) -> 0 | F6: =IFERROR(AVERAGEIF('⭐ My Ratings'!$B$5:$B$104,A6,'⭐ My Ratings'!$C$5:$C$104),"No Rating") -> No Rating | G6: =IFERROR(MIN(ROUND(E6/0.1*0.5,1),3),0) -> 0 | H6: =IFERROR(MAX(F6-G6,1),"—") -> — | I6: =IF(H6="—","No Data",IF(H6>=9,"🌟 Outstanding",IF(H6>=7,"✅ Good",IF(H6>=5,"🟡 Average",IF(H6>=3,"🔴 Below Avg","❌ Poor"))))) -> No Data | J6: =IF(B6=0,"—",IF(E6=0,"💚 Full Incentive",IF(E6<=0.1,"⬇ -5%",IF(E6<=0.3,"⬇ -10%",IF(E6<=0.5,"⬇ -20%","⬇ -30% 🔴"))))) -> —
A7: Rohit Kumar | B7: =COUNTIF('📋 Daily Task Log'!$B$5:$B$104,A7) -> 0 | C7: =COUNTIFS('📋 Daily Task Log'!$B$5:$B$104,A7,'📋 Daily Task Log'!$H$5:$H$104,"WFH") -> 0 | D7: =B7-C7 -> 0 | E7: =IFERROR(C7/B7,0) -> 0 | F7: =IFERROR(AVERAGEIF('⭐ My Ratings'!$B$5:$B$104,A7,'⭐ My Ratings'!$C$5:$C$104),"No Rating") -> No Rating | G7: =IFERROR(MIN(ROUND(E7/0.1*0.5,1),3),0) -> 0 | H7: =IFERROR(MAX(F7-G7,1),"—") -> — | I7: =IF(H7="—","No Data",IF(H7>=9,"🌟 Outstanding",IF(H7>=7,"✅ Good",IF(H7>=5,"🟡 Average",IF(H7>=3,"🔴 Below Avg","❌ Poor"))))) -> No Data | J7: =IF(B7=0,"—",IF(E7=0,"💚 Full Incentive",IF(E7<=0.1,"⬇ -5%",IF(E7<=0.3,"⬇ -10%",IF(E7<=0.5,"⬇ -20%","⬇ -30% 🔴"))))) -> —
A8: Neha Gupta | B8: =COUNTIF('📋 Daily Task Log'!$B$5:$B$104,A8) -> 0 | C8: =COUNTIFS('📋 Daily Task Log'!$B$5:$B$104,A8,'📋 Daily Task Log'!$H$5:$H$104,"WFH") -> 0 | D8: =B8-C8 -> 0 | E8: =IFERROR(C8/B8,0) -> 0 | F8: =IFERROR(AVERAGEIF('⭐ My Ratings'!$B$5:$B$104,A8,'⭐ My Ratings'!$C$5:$C$104),"No Rating") -> No Rating | G8: =IFERROR(MIN(ROUND(E8/0.1*0.5,1),3),0) -> 0 | H8: =IFERROR(MAX(F8-G8,1),"—") -> — | I8: =IF(H8="—","No Data",IF(H8>=9,"🌟 Outstanding",IF(H8>=7,"✅ Good",IF(H8>=5,"🟡 Average",IF(H8>=3,"🔴 Below Avg","❌ Poor"))))) -> No Data | J8: =IF(B8=0,"—",IF(E8=0,"💚 Full Incentive",IF(E8<=0.1,"⬇ -5%",IF(E8<=0.3,"⬇ -10%",IF(E8<=0.5,"⬇ -20%","⬇ -30% 🔴"))))) -> —
A9: Amit Verma | B9: =COUNTIF('📋 Daily Task Log'!$B$5:$B$104,A9) -> 0 | C9: =COUNTIFS('📋 Daily Task Log'!$B$5:$B$104,A9,'📋 Daily Task Log'!$H$5:$H$104,"WFH") -> 0 | D9: =B9-C9 -> 0 | E9: =IFERROR(C9/B9,0) -> 0 | F9: =IFERROR(AVERAGEIF('⭐ My Ratings'!$B$5:$B$104,A9,'⭐ My Ratings'!$C$5:$C$104),"No Rating") -> No Rating | G9: =IFERROR(MIN(ROUND(E9/0.1*0.5,1),3),0) -> 0 | H9: =IFERROR(MAX(F9-G9,1),"—") -> — | I9: =IF(H9="—","No Data",IF(H9>=9,"🌟 Outstanding",IF(H9>=7,"✅ Good",IF(H9>=5,"🟡 Average",IF(H9>=3,"🔴 Below Avg","❌ Poor"))))) -> No Data | J9: =IF(B9=0,"—",IF(E9=0,"💚 Full Incentive",IF(E9<=0.1,"⬇ -5%",IF(E9<=0.3,"⬇ -10%",IF(E9<=0.5,"⬇ -20%","⬇ -30% 🔴"))))) -> —
A10: Sneha Joshi | B10: =COUNTIF('📋 Daily Task Log'!$B$5:$B$104,A10) -> 0 | C10: =COUNTIFS('📋 Daily Task Log'!$B$5:$B$104,A10,'📋 Daily Task Log'!$H$5:$H$104,"WFH") -> 0 | D10: =B10-C10 -> 0 | E10: =IFERROR(C10/B10,0) -> 0 | F10: =IFERROR(AVERAGEIF('⭐ My Ratings'!$B$5:$B$104,A10,'⭐ My Ratings'!$C$5:$C$104),"No Rating") -> No Rating | G10: =IFERROR(MIN(ROUND(E10/0.1*0.5,1),3),0) -> 0 | H10: =IFERROR(MAX(F10-G10,1),"—") -> — | I10: =IF(H10="—","No Data",IF(H10>=9,"🌟 Outstanding",IF(H10>=7,"✅ Good",IF(H10>=5,"🟡 Average",IF(H10>=3,"🔴 Below Avg","❌ Poor"))))) -> No Data | J10: =IF(B10=0,"—",IF(E10=0,"💚 Full Incentive",IF(E10<=0.1,"⬇ -5%",IF(E10<=0.3,"⬇ -10%",IF(E10<=0.5,"⬇ -20%","⬇ -30% 🔴"))))) -> —
A11: Vikram Rao | B11: =COUNTIF('📋 Daily Task Log'!$B$5:$B$104,A11) -> 0 | C11: =COUNTIFS('📋 Daily Task Log'!$B$5:$B$104,A11,'📋 Daily Task Log'!$H$5:$H$104,"WFH") -> 0 | D11: =B11-C11 -> 0 | E11: =IFERROR(C11/B11,0) -> 0 | F11: =IFERROR(AVERAGEIF('⭐ My Ratings'!$B$5:$B$104,A11,'⭐ My Ratings'!$C$5:$C$104),"No Rating") -> No Rating | G11: =IFERROR(MIN(ROUND(E11/0.1*0.5,1),3),0) -> 0 | H11: =IFERROR(MAX(F11-G11,1),"—") -> — | I11: =IF(H11="—","No Data",IF(H11>=9,"🌟 Outstanding",IF(H11>=7,"✅ Good",IF(H11>=5,"🟡 Average",IF(H11>=3,"🔴 Below Avg","❌ Poor"))))) -> No Data | J11: =IF(B11=0,"—",IF(E11=0,"💚 Full Incentive",IF(E11<=0.1,"⬇ -5%",IF(E11<=0.3,"⬇ -10%",IF(E11<=0.5,"⬇ -20%","⬇ -30% 🔴"))))) -> —
A12: Pooja Mehta | B12: =COUNTIF('📋 Daily Task Log'!$B$5:$B$104,A12) -> 0 | C12: =COUNTIFS('📋 Daily Task Log'!$B$5:$B$104,A12,'📋 Daily Task Log'!$H$5:$H$104,"WFH") -> 0 | D12: =B12-C12 -> 0 | E12: =IFERROR(C12/B12,0) -> 0 | F12: =IFERROR(AVERAGEIF('⭐ My Ratings'!$B$5:$B$104,A12,'⭐ My Ratings'!$C$5:$C$104),"No Rating") -> No Rating | G12: =IFERROR(MIN(ROUND(E12/0.1*0.5,1),3),0) -> 0 | H12: =IFERROR(MAX(F12-G12,1),"—") -> — | I12: =IF(H12="—","No Data",IF(H12>=9,"🌟 Outstanding",IF(H12>=7,"✅ Good",IF(H12>=5,"🟡 Average",IF(H12>=3,"🔴 Below Avg","❌ Poor"))))) -> No Data | J12: =IF(B12=0,"—",IF(E12=0,"💚 Full Incentive",IF(E12<=0.1,"⬇ -5%",IF(E12<=0.3,"⬇ -10%",IF(E12<=0.5,"⬇ -20%","⬇ -30% 🔴"))))) -> —
A13: Rahul Nair | B13: =COUNTIF('📋 Daily Task Log'!$B$5:$B$104,A13) -> 0 | C13: =COUNTIFS('📋 Daily Task Log'!$B$5:$B$104,A13,'📋 Daily Task Log'!$H$5:$H$104,"WFH") -> 0 | D13: =B13-C13 -> 0 | E13: =IFERROR(C13/B13,0) -> 0 | F13: =IFERROR(AVERAGEIF('⭐ My Ratings'!$B$5:$B$104,A13,'⭐ My Ratings'!$C$5:$C$104),"No Rating") -> No Rating | G13: =IFERROR(MIN(ROUND(E13/0.1*0.5,1),3),0) -> 0 | H13: =IFERROR(MAX(F13-G13,1),"—") -> — | I13: =IF(H13="—","No Data",IF(H13>=9,"🌟 Outstanding",IF(H13>=7,"✅ Good",IF(H13>=5,"🟡 Average",IF(H13>=3,"🔴 Below Avg","❌ Poor"))))) -> No Data | J13: =IF(B13=0,"—",IF(E13=0,"💚 Full Incentive",IF(E13<=0.1,"⬇ -5%",IF(E13<=0.3,"⬇ -10%",IF(E13<=0.5,"⬇ -20%","⬇ -30% 🔴"))))) -> —
A14: Ananya Patel | B14: =COUNTIF('📋 Daily Task Log'!$B$5:$B$104,A14) -> 0 | C14: =COUNTIFS('📋 Daily Task Log'!$B$5:$B$104,A14,'📋 Daily Task Log'!$H$5:$H$104,"WFH") -> 0 | D14: =B14-C14 -> 0 | E14: =IFERROR(C14/B14,0) -> 0 | F14: =IFERROR(AVERAGEIF('⭐ My Ratings'!$B$5:$B$104,A14,'⭐ My Ratings'!$C$5:$C$104),"No Rating") -> No Rating | G14: =IFERROR(MIN(ROUND(E14/0.1*0.5,1),3),0) -> 0 | H14: =IFERROR(MAX(F14-G14,1),"—") -> — | I14: =IF(H14="—","No Data",IF(H14>=9,"🌟 Outstanding",IF(H14>=7,"✅ Good",IF(H14>=5,"🟡 Average",IF(H14>=3,"🔴 Below Avg","❌ Poor"))))) -> No Data | J14: =IF(B14=0,"—",IF(E14=0,"💚 Full Incentive",IF(E14<=0.1,"⬇ -5%",IF(E14<=0.3,"⬇ -10%",IF(E14<=0.5,"⬇ -20%","⬇ -30% 🔴"))))) -> —
A15: Karan Malhotra | B15: =COUNTIF('📋 Daily Task Log'!$B$5:$B$104,A15) -> 0 | C15: =COUNTIFS('📋 Daily Task Log'!$B$5:$B$104,A15,'📋 Daily Task Log'!$H$5:$H$104,"WFH") -> 0 | D15: =B15-C15 -> 0 | E15: =IFERROR(C15/B15,0) -> 0 | F15: =IFERROR(AVERAGEIF('⭐ My Ratings'!$B$5:$B$104,A15,'⭐ My Ratings'!$C$5:$C$104),"No Rating") -> No Rating | G15: =IFERROR(MIN(ROUND(E15/0.1*0.5,1),3),0) -> 0 | H15: =IFERROR(MAX(F15-G15,1),"—") -> — | I15: =IF(H15="—","No Data",IF(H15>=9,"🌟 Outstanding",IF(H15>=7,"✅ Good",IF(H15>=5,"🟡 Average",IF(H15>=3,"🔴 Below Avg","❌ Poor"))))) -> No Data | J15: =IF(B15=0,"—",IF(E15=0,"💚 Full Incentive",IF(E15<=0.1,"⬇ -5%",IF(E15<=0.3,"⬇ -10%",IF(E15<=0.5,"⬇ -20%","⬇ -30% 🔴"))))) -> —
A16: Divya Reddy | B16: =COUNTIF('📋 Daily Task Log'!$B$5:$B$104,A16) -> 0 | C16: =COUNTIFS('📋 Daily Task Log'!$B$5:$B$104,A16,'📋 Daily Task Log'!$H$5:$H$104,"WFH") -> 0 | D16: =B16-C16 -> 0 | E16: =IFERROR(C16/B16,0) -> 0 | F16: =IFERROR(AVERAGEIF('⭐ My Ratings'!$B$5:$B$104,A16,'⭐ My Ratings'!$C$5:$C$104),"No Rating") -> No Rating | G16: =IFERROR(MIN(ROUND(E16/0.1*0.5,1),3),0) -> 0 | H16: =IFERROR(MAX(F16-G16,1),"—") -> — | I16: =IF(H16="—","No Data",IF(H16>=9,"🌟 Outstanding",IF(H16>=7,"✅ Good",IF(H16>=5,"🟡 Average",IF(H16>=3,"🔴 Below Avg","❌ Poor"))))) -> No Data | J16: =IF(B16=0,"—",IF(E16=0,"💚 Full Incentive",IF(E16<=0.1,"⬇ -5%",IF(E16<=0.3,"⬇ -10%",IF(E16<=0.5,"⬇ -20%","⬇ -30% 🔴"))))) -> —
... A19: Arjun Saxena | B19: =COUNTIF('📋 Daily Task Log'!$B$5:$B$104,A19) -> 0 | C19: =COUNTIFS('📋 Daily Task Log'!$B$5:$B$104,A19,'📋 Daily Task Log'!$H$5:$H$104,"WFH") -> 0 | D19: =B19-C19 -> 0 | E19: =IFERROR(C19/B19,0) -> 0 | F19: =IFERROR(AVERAGEIF('⭐ My Ratings'!$B$5:$B$104,A19,'⭐ My Ratings'!$C$5:$C$104),"No Rating") -> No Rating | G19: =IFERROR(MIN(ROUND(E19/0.1*0.5,1),3),0) -> 0 | H19: =IFERROR(MAX(F19-G19,1),"—") -> — | I19: =IF(H19="—","No Data",IF(H19>=9,"🌟 Outstanding",IF(H19>=7,"✅ Good",IF(H19>=5,"🟡 Average",IF(H19>=3,"🔴 Below Avg","❌ Poor"))))) -> No Data | J19: =IF(B19=0,"—",IF(E19=0,"💚 Full Incentive",IF(E19<=0.1,"⬇ -5%",IF(E19<=0.3,"⬇ -10%",IF(E19<=0.5,"⬇ -20%","⬇ -30% 🔴"))))) -> —
A20: 📊 TEAM AVERAGE | E20: =IFERROR(AVERAGE(E5:E19),0) -> 0 | F20: =IFERROR(AVERAGE(F5:F19),0) -> 0 | H20: =IFERROR(AVERAGE(H5:H19),0) -> 0

Sheet 📌 How To Use
A1: 📌 COMPLETE GUIDE — KAISE USE KARNA HAI
A3: ⭐ TECH LEAD (TU) — TERA KAAM
A4: 1. | B4: Ek baar setup | C4: 📊 Summary Dashboard mein column A mein apni team ke actual naam likho | D4: Sirf ek baar karna hai
A5: 2. | B5: Har Friday rating do | C5: ⭐ My Ratings sheet mein: Date + Employee Name + Rating (1-10) | D5: Bas 5-10 minute lagenge
A6: 3. | B6: Summary dekho | C6: 📊 Summary Dashboard automatic update hoga | D6: Director sir bhi yahan dekh sakte hain
A8: 👨‍💻 EMPLOYEES — UNKA KAAM (unhe batao)
A9: 1. | B9: Daily Task Log kholo | C9: 📋 Daily Task Log sheet pe jaao | D9: Roz karna hai
A10: 2. | B10: Apni row fill karo | C10: Date, Naam, Task, Project, Hours, Tasks, Bugs fill karo | D10: Office se jaane se pehle
A11: 3. | B11: Work Mode select karo | C11: Column H mein dropdown se Office ya WFH choose karo | D11: Bahut zaroori hai!
A13: 📉 WFH DEDUCTION TABLE (Automatic)
A14: WFH % | B14: Deduction | C14: Final Rating Effect | D14: Incentive
A15: 0% | B15: 0 points | C15: No change | D15: 💚 Full Incentive
A16: 1–10% | B16: -0.5 | C16: Thodi si kam | D16: ⬇ -5%
A17: 11–30% | B17: -1.0 | C17: Noticeable | D17: ⬇ -10%
A18: 31–50% | B18: -2.0 | C18: Significant | D18: ⬇ -20%
A19: >50% | B19: -3.0 max | C19: Bahut zyada | D19: ⬇ -30% 🔴
A21: 🔒 DATA CHANGE ROKNE KE LIYE — GOOGLE SHEETS PROTECTION
A22: 1. File Google Sheets mein upload karo
A23: 2. 📊 Summary Dashboard tab pe right click karo → 'Protect Sheet' → Apna email daalo → Save
A24: 3. ⭐ My Ratings tab pe bhi same karo — sirf tu edit kar paaye
A25: 4. 📋 Daily Task Log mein employees ko sirf apni row edit karne do
A26: 5. Ab koi bhi data change nahi kar payega bina teri permission ke! ✅
